label,value
set_one,94.60563097
set_one,54.77284513
set_one,73.63733831
set_one,55.01579949
set_one,83.60937763
set_one,80.44787014
set_one,73.76404453
set_one,64.59549487
set_one,92.71874024
set_one,75.77312263
set_one,83.39836506
set_one,91.35253027
set_one,85.84072702
set_one,84.35991673
set_one,86.91189045
set_one,71.51056954
set_one,87.84387583
set_one,73.06127079
set_one,72.19341975
set_one,76.13237227
set_one,85.32465522
set_one,63.24803422
set_one,70.17562621
set_one,69.1358495
set_one,94.39630107
set_one,61.36217402
set_one,62.46419844
set_one,93.41730803
set_one,89.5314362
set_one,75.38564942
set_one,75.055091
set_one,65.19172346
set_one,75.8510515
set_one,71.3147475
set_one,67.22466262
set_one,71.54427564
set_one,84.73698722
set_one,74.83039961
set_one,74.49133749
set_one,76.37600429
set_one,64.68373124
set_one,58.88621607
set_one,80.57472492
set_one,56.94361199
set_one,71.4976667
set_one,57.65699075
set_one,79.7123846
set_one,74.84481168
set_one,85.49627082
set_one,92.90711009
set_one,94.19204731
set_one,91.87791041
set_one,73.21770774
set_one,58.93302863
set_one,64.19304713
set_one,93.35685695
set_one,85.57612983
set_one,62.695896
set_one,90.0317314
set_one,92.7363834
set_one,70.07387083
set_one,86.24335741
set_one,81.78799452
set_one,60.62929673
set_one,89.50102443
set_one,61.08163508
set_one,68.36231173
set_one,82.47148661
set_one,68.43001253
set_one,63.16868553
set_one,72.16652247
set_one,82.74386809
set_one,75.3430193
set_one,61.76380582
set_one,87.74432839
set_one,74.79623904
set_one,85.14797626
set_one,74.13907759
set_one,67.82189844
set_one,70.88327566
set_one,78.71575402
set_one,58.92166502
set_one,71.45553764
set_one,77.32214499
set_one,59.00023904
set_one,85.90593389
set_one,60.82744469
set_one,54.80262479
set_one,71.66418433
set_one,79.43267058
set_one,59.42328342
set_one,61.93810903
set_one,74.92836484
set_one,84.49383847
set_one,62.51567829
set_one,85.80770268
set_one,92.61365779
set_one,68.68375003
set_one,75.74452425
set_one,79.18741681
set_one,68.99960889
set_one,87.73248888
set_one,60.90657934
set_one,88.42810153
set_one,78.09632232
set_one,90.32737107
set_one,83.54093298
set_one,69.91283494
set_one,79.11899173
set_one,72.91824075
set_one,92.33003356
set_one,73.39996826
set_one,56.13655797
set_one,77.77257986
set_one,56.1035675
set_one,56.12788665
set_one,67.88328501
set_one,66.2807367
set_one,60.22363331
set_one,75.99519077
set_one,69.1750341
set_one,93.1469801
set_one,74.09710066
set_one,57.06019923
set_one,82.37649266
set_one,71.53023357
set_one,77.65332146
set_one,91.11661045
set_one,61.27363767
set_one,87.5434157
set_one,71.00324871
set_one,90.2338492
set_one,91.94916839
set_one,73.43589562
set_one,84.80171247
set_one,69.35540742
set_one,85.45064479
set_one,78.18811315
set_one,78.11975112
set_one,59.13184871
set_one,84.73734525
set_one,56.66496803
set_one,86.93385703
set_one,72.35925716
set_one,77.72623074
set_one,94.00666223
set_one,78.49707723
set_one,73.08803382
set_one,55.04597238
set_one,86.0605276
set_one,76.13537475
set_one,92.09214627
set_one,88.28379021
set_one,55.69392167
set_one,75.98413769
set_one,79.99289497
set_one,93.81855971
set_one,66.63241719
set_one,75.55012485
set_one,59.88937233
set_one,72.8418951
set_one,75.94447348
set_one,56.3359126
set_one,62.70440393
set_one,70.53479065
set_one,72.09345397
set_one,58.78935647
set_one,73.62623702
set_one,68.31648065
set_one,80.21437898
set_one,78.87352008
set_one,61.52449128
set_one,64.33447193
set_one,76.90918743
set_one,62.12417803
set_one,81.92097462
set_one,85.30827605
set_one,84.54857724
set_one,83.35815623
set_one,84.23649254
set_one,58.01633149
set_one,88.66850427
set_one,59.08603613
set_one,55.59374097
set_one,73.40474264
set_one,93.72512983
set_one,64.30390268
set_one,71.97902008
set_one,68.03732992
set_one,94.1655608
set_one,81.91048824
set_one,70.82517015
set_one,59.40273433
set_one,69.65341339
set_one,75.50334568
set_one,94.46014126
set_one,92.41074342
set_one,94.20128816
set_one,58.92663816
set_one,68.6191647
set_one,61.63393113
set_one,61.38627932
set_one,82.20747099
set_one,76.76833417
set_one,88.32696729
set_one,57.89267574
set_one,75.28801415
set_one,60.46996586
set_one,65.89827995
set_one,78.84262831
set_one,82.26703873
set_one,64.6730981
set_one,62.33005832
set_one,92.31450629
set_one,71.19532915
set_one,78.52567668
set_one,73.21075446
set_one,72.90409286
set_one,77.45073349
set_one,67.0958949
set_one,81.98564579
set_one,91.75292583
set_one,74.0174817
set_one,58.31923178
set_one,62.94742534
set_one,80.28796428
set_one,86.44840078
set_one,64.44368295
set_one,88.66102002
set_one,85.86627301
set_one,80.87683996
set_one,57.16908805
set_one,86.09408501
set_one,84.8931576
set_one,94.42729761
set_one,79.07613178
set_one,90.47101287
set_one,71.02927822
set_one,75.93810289
set_one,79.44965796
set_one,77.389539
set_one,54.77686284
set_one,94.36739822
set_one,77.12198928
set_one,85.86743775
set_one,63.64658311
set_one,92.37792963
set_one,79.80954636
set_one,55.38388698
set_one,74.17240925
set_one,74.68897298
set_one,89.6648112
set_one,94.11169667
set_one,69.82400066
set_one,68.41470579
set_one,91.1371002
set_one,59.78608583
set_one,65.2835299
set_one,56.37924437
set_one,69.96837342
set_one,82.26754936
set_one,94.30268246
set_one,72.73306043
set_one,90.17603737
set_one,68.25010537
set_one,68.49719039
set_one,75.12098905
set_one,88.58119229
set_one,64.33780362
set_one,69.3262497
set_one,62.68697846
set_one,71.18583442
set_one,88.02992018
set_one,62.49479205
set_one,75.30238219
set_one,69.11592326
set_one,66.160041
set_one,56.5556148
set_one,65.26796536
set_one,57.53264968
set_one,85.47996847
set_one,72.23527393
set_one,92.42779052
set_one,62.62504804
set_one,69.22851231
set_one,94.28562173
set_one,75.91683853
set_one,63.05488681
set_one,64.41051109
set_one,78.0225959
set_one,75.38558564
set_one,75.7083393
set_one,87.15242531
set_one,75.96668261
set_one,93.49400961
set_one,81.23149355
set_one,55.69302695
set_one,70.00238734
set_one,70.01693119
set_one,80.25569274
set_one,90.05175701
set_one,94.67643883
set_one,68.63085639
set_one,56.91562502
set_one,56.91047038
set_one,58.65517028
set_one,92.94403618
set_one,67.5936502
set_one,77.2689904
set_one,62.40182211
set_one,63.88793696
set_one,57.27661923
set_one,57.17728853
set_one,68.41235439
set_one,81.59217569
set_one,55.68242855
set_one,55.97734403
set_one,58.02680948
set_one,85.43369831
set_one,58.05011361
set_one,59.77167834
set_one,69.39838012
set_one,74.51691834
set_one,87.22499365
set_one,70.746091
set_one,93.50733627
set_one,67.76114701
set_one,59.6963358
set_one,58.60357527
set_one,68.06928786
set_one,58.08207014
set_one,59.71977686
set_one,89.52080545
set_one,72.41844509
set_one,64.1813079
set_one,66.62481619
set_one,80.88733461
set_one,66.69422037
set_one,83.92772443
set_one,63.54384173
set_one,79.15880481
set_one,86.8918958
set_one,89.42230996
set_one,84.09161397
set_one,85.03984746
set_one,71.62561712
set_one,62.57786527
set_one,72.84733793
set_one,79.59110268
set_one,73.26122926
set_one,93.98488908
set_one,59.73794118
set_one,57.78732924
set_one,62.50413392
set_one,68.93197926
set_one,57.71115471
set_one,76.89217221
set_one,68.87474122
set_one,55.44683421
set_one,74.74960458
set_one,64.62454956
set_one,68.15839094
set_one,73.47119905
set_one,74.29424833
set_one,62.37543624
set_one,79.67887723
set_one,64.59712189
set_one,56.30327048
set_one,69.85128837
set_one,63.18187191
set_one,85.19148258
set_one,55.49017071
set_one,63.93923056
set_one,56.6242416
set_one,76.16618923
set_one,72.74649121
set_one,74.98840724
set_one,82.46987695
set_one,60.97819423
set_one,60.03048509
set_one,87.22883429
set_one,83.99791276
set_one,83.84912488
set_one,68.15356874
set_one,76.81319424
set_one,90.79598286
set_one,55.3636443
set_one,92.93957357
set_one,64.86617825
set_one,67.19861143
set_one,88.12466078
set_one,77.29287994
set_one,93.68088152
set_one,92.56706089
set_one,69.70859079
set_one,79.92345822
set_one,92.51694607
set_one,73.41869084
set_one,73.03585506
set_one,71.07589886
set_one,79.13547074
set_one,81.09779263
set_one,90.08451732
set_one,91.79682596
set_one,85.18538405
set_one,61.6311084
set_one,89.92832033
set_one,92.90461087
set_one,82.07874258
set_one,88.55687445
set_one,71.62789293
set_one,78.13800285
set_one,58.73002473
set_one,90.49564268
set_one,81.1822764
set_one,83.36747553
set_one,78.24257175
set_one,76.3015399
set_one,62.63389059
set_one,85.21925313
set_one,79.11666928
set_one,83.55702867
set_one,58.29550011
set_one,93.8476884
set_one,68.93816346
set_one,66.818398
set_one,70.52964884
set_one,94.02825954
set_one,68.22518567
set_one,73.49125178
set_one,81.62619788
set_one,79.98162326
set_one,76.53596248
set_one,85.28753545
set_one,72.0098381
set_one,59.5379978
set_one,70.5219265
set_one,85.61934784
set_one,86.91837447
set_one,88.07667517
set_one,89.16332196
set_one,84.59998659
set_one,73.06406642
set_one,56.68487402
set_one,80.93178134
set_one,75.68918833
set_one,62.54233604
set_one,90.84313586
set_one,80.60871561
set_one,90.15647154
set_one,64.45118975
set_one,87.99999899
set_one,62.59171607
set_one,76.97844822
set_one,78.80011808
set_one,65.35107381
set_one,83.0394284
set_one,69.17666109
set_one,65.5761905
set_one,66.54245309
set_one,60.26515955
set_one,82.1295858
set_one,81.54693652
set_one,76.34669273
set_one,94.1630864
set_one,63.9842676
set_one,91.66439353
set_one,75.55375639
set_one,75.12096782
set_one,71.10030891
set_one,91.88378234
set_one,71.75418834
set_one,74.74714397
set_one,88.76154346
set_one,69.41315297
set_one,69.90726395
set_one,69.70157619
set_one,81.46125736
set_one,94.54437724
set_one,57.3078397
set_one,59.26167903
set_one,55.65426063
set_one,74.17266369
set_one,61.07865085
set_one,71.76716063
set_one,87.57179168
set_one,81.46784076
set_one,72.54712551
set_one,59.51029601
set_one,60.66333295
set_one,77.653874
set_one,75.44949907
set_one,59.25718877
set_one,81.91831639
set_one,90.74597557
set_one,74.72282663
set_one,74.72936911
set_one,64.38161954
set_one,72.99167377
set_one,90.26780957
set_two,53.62212603
set_two,39.25779869
set_two,60.60962834
set_two,45.50253684
set_two,53.68737996
set_two,49.01092926
set_two,48.77569143
set_two,66.56560937
set_two,62.51361692
set_two,38.72757992
set_two,47.73823849
set_two,56.54918983
set_two,49.79962194
set_two,59.94368477
set_two,51.78317602
set_two,49.73243828
set_two,42.0110652
set_two,45.14556001
set_two,68.7120207
set_two,47.93969464
set_two,67.90794769
set_two,51.12698774
set_two,70.50224521
set_two,37.3949625
set_two,56.08599862
set_two,49.83632491
set_two,47.92951807
set_two,59.42804099
set_two,74.40450302
set_two,48.5469022
set_two,42.87168759
set_two,52.14190435
set_two,71.84385944
set_two,65.51842831
set_two,44.6084136
set_two,65.32656185
set_two,61.78434305
set_two,47.59283742
set_two,54.66341017
set_two,41.44368189
set_two,55.10764267
set_two,41.48225528
set_two,47.32424908
set_two,42.85100256
set_two,59.18393286
set_two,43.56836546
set_two,59.16786688
set_two,42.25041024
set_two,58.7775303
set_two,39.34247658
set_two,53.23248835
set_two,64.76377238
set_two,58.14143827
set_two,50.59707748
set_two,62.95829052
set_two,53.00832336
set_two,53.86451882
set_two,51.54061127
set_two,42.87911118
set_two,50.50587964
set_two,55.82342225
set_two,58.26359424
set_two,59.62731274
set_two,47.87935141
set_two,32.97104965
set_two,68.26755433
set_two,40.0777078
set_two,59.27822842
set_two,59.31017173
set_two,60.13678823
set_two,49.34314663
set_two,58.96558785
set_two,60.74147334
set_two,52.35434224
set_two,60.93002403
set_two,53.38919467
set_two,60.09797236
set_two,27.2059409
set_two,44.99141786
set_two,31.90495763
set_two,79.03331997
set_two,44.13577999
set_two,48.43324726
set_two,51.43978468
set_two,71.15568679
set_two,44.26987401
set_two,66.89564319
set_two,53.21208946
set_two,51.04416575
set_two,50.45737588
set_two,54.78726483
set_two,56.18352648
set_two,55.1015621
set_two,60.1668109
set_two,75.51131148
set_two,47.07227446
set_two,38.16880223
set_two,68.88909651
set_two,58.06651794
set_two,50.67668363
set_two,60.62983974
set_two,56.9077106
set_two,58.35588986
set_two,59.51393118
set_two,58.35457776
set_two,59.42735553
set_two,57.19153288
set_two,56.45229994
set_two,42.12862321
set_two,65.07297143
set_two,51.48892843
set_two,43.65420346
set_two,58.66738066
set_two,66.69608703
set_two,43.36823151
set_two,68.61755599
set_two,58.58955394
set_two,50.09080972
set_two,33.96665283
set_two,51.46106351
set_two,48.42783443
set_two,48.35732532
set_two,58.91824363
set_two,50.44752688
set_two,50.18069733
set_two,54.93720313
set_two,63.15082176
set_two,70.53023492
set_two,41.56229337
set_two,61.12520346
set_two,69.80776978
set_two,78.58410018
set_two,54.380362
set_two,43.42551529
set_two,55.52498781
set_two,50.27421517
set_two,49.97100138
set_two,48.49975619
set_two,56.51188513
set_two,52.87723387
set_two,67.23000424
set_two,41.97583276
set_two,51.16187485
set_two,46.2313253
set_two,40.01205826
set_two,52.91002714
set_two,38.65706157
set_two,48.43005494
set_two,44.60649439
set_two,39.72601326
set_two,44.02965889
set_two,58.85261509
set_two,47.04490242
set_two,41.38594815
set_two,70.12826507
set_two,70.85601752
set_two,67.00925868
set_two,46.58241334
set_two,66.71819024
set_two,58.22353806
set_two,63.21086175
set_two,61.79217496
set_two,43.4769813
set_two,57.78048581
set_two,55.24611221
set_two,44.02083404
set_two,61.78282834
set_two,42.04839811
set_two,66.63441845
set_two,71.69788108
set_two,43.76088806
set_two,39.01210955
set_two,51.78758334
set_two,70.09809762
set_two,46.26462755
set_two,35.36230458
set_two,46.23148538
set_two,63.78177975
set_two,60.248095
set_two,53.70720253
set_two,49.94627104
set_two,55.90148342
set_two,65.21024576
set_two,62.14848048
set_two,53.76510865
set_two,43.7785421
set_two,46.83346156
set_two,73.6303276
set_two,58.19420265
set_two,70.1533635
set_two,53.05012225
set_two,45.33812895
set_two,46.29635283
set_two,65.85896126
set_two,57.14019508
set_two,55.22566051
set_two,59.83778874
set_two,59.70172578
set_two,50.09605251
set_two,85.0478833
set_two,64.31656203
set_two,53.93164219
set_two,57.14279411
set_two,43.80056275
set_two,64.90014739
set_two,69.10212073
set_two,31.43496288
set_two,54.70675296
set_two,44.24675354
set_two,60.43385133
set_two,39.86903718
set_two,35.54636057
set_two,53.48768445
set_two,45.05521171
set_two,39.67009116
set_two,68.28956139
set_two,46.60711137
set_two,57.40531721
set_two,49.06893156
set_two,64.04720328
set_two,57.05581799
set_two,51.22713743
set_two,73.82437152
set_two,45.57686611
set_two,44.00177257
set_two,66.49670747
set_two,53.32111623
set_two,55.79520454
set_two,55.51087364
set_two,60.30842449
set_two,66.46893894
set_two,51.7039363
set_two,50.80132795
set_two,62.6247173
set_two,45.81684137
set_two,49.47755426
set_two,31.50563632
set_two,59.93831222
set_two,53.08419366
set_two,49.19307904
set_two,46.52221444
set_two,55.63217464
set_two,46.65511966
set_two,39.88884029
set_two,39.08843386
set_two,53.9837409
set_two,60.89145527
set_two,60.8056704
set_two,30.46726249
set_two,63.98732631
set_two,95.60660665
set_two,86.0056691
set_two,91.50302493
set_two,72.71003556
set_two,90.88404686
set_two,108.553652
set_two,99.05381139
set_two,91.25220639
set_two,83.5161901
set_two,125.9663734
set_two,101.5713985
set_two,99.56172025
set_two,101.1544309
set_two,104.9956935
set_two,104.7216744
set_two,87.0359044
set_two,81.62682459
set_two,75.45817546
set_two,77.38914815
set_two,88.27873232
set_two,100.2155059
set_two,79.52029049
set_two,94.43386843
set_two,99.57617909
set_two,78.05023796
set_two,78.07822643
set_two,77.4232356
set_two,86.45886739
set_two,91.56550498
set_two,92.19792694
set_two,88.06898943
set_two,99.58338555
set_two,98.24556058
set_two,105.579115
set_two,116.4451726
set_two,83.63357254
set_two,85.84346805
set_two,88.25292276
set_two,108.2946565
set_two,88.01786124
set_two,71.40120108
set_two,101.6445129
set_two,93.67620658
set_two,102.2653617
set_two,75.65039182
set_two,100.7272102
set_two,112.5977537
set_two,99.26015497
set_two,109.2637526
set_two,89.8015157
set_two,85.88572966
set_two,102.5126991
set_two,98.79373905
set_two,100.3136573
set_two,93.56608053
set_two,95.1927799
set_two,94.15447069
set_two,85.14493183
set_two,104.4491854
set_two,83.03865729
set_two,97.1684456
set_two,100.9505598
set_two,92.15473114
set_two,100.2094062
set_two,90.19607391
set_two,84.90878015
set_two,85.73067191
set_two,83.34219091
set_two,94.1141869
set_two,108.5062592
set_two,89.08526266
set_two,92.43948797
set_two,102.3219464
set_two,101.9424894
set_two,86.53932725
set_two,105.2835962
set_two,83.40435203
set_two,88.92648755
set_two,88.07797297
set_two,95.99526282
set_two,82.46524608
set_two,101.0253195
set_two,91.42695985
set_two,94.49857999
set_two,110.654335
set_two,95.86151403
set_two,99.53269554
set_two,86.37722837
set_two,92.4088596
set_two,77.60863761
set_two,73.17821003
set_two,77.71044436
set_two,89.02342005
set_two,99.4607184
set_two,94.85598397
set_two,116.3688406
set_two,110.7849726
set_two,91.24409943
set_two,93.58114735
set_two,76.76650358
set_two,102.0807138
set_two,83.55241318
set_two,97.70437618
set_two,72.22842157
set_two,88.73389185
set_two,110.852221
set_two,99.65203585
set_two,99.58857356
set_two,84.51039413
set_two,88.91735775
set_two,111.7593307
set_two,99.16797731
set_two,101.4246609
set_two,115.684643
set_two,100.2880367
set_two,68.4650244
set_two,90.8682862
set_two,98.15313093
set_two,98.53883801
set_two,108.6920147
set_two,90.03829524
set_two,79.63235991
set_two,74.07145149
set_two,106.3889499
set_two,94.97665327
set_two,94.85305517
set_two,88.71920927
set_two,91.1636141
set_two,95.1839269
set_two,91.1932491
set_two,82.62086096
set_two,91.35166069
set_two,101.7952506
set_two,92.42489239
set_two,95.88916369
set_two,99.50402948
set_two,89.85556614
set_two,100.4626971
set_two,83.8208972
set_two,86.20722286
set_two,94.67189958
set_two,103.206975
set_two,97.29665889
set_two,83.00549407
set_two,89.1710131
set_two,99.95338872
set_two,85.64704552
set_two,114.6957102
set_two,105.7369135
set_two,77.45572534
set_two,100.8280982
set_two,94.53145366
set_two,91.19656308
set_two,95.96753101
set_two,89.87732678
set_two,77.76340571
set_two,90.23618003
set_two,109.2497711
set_two,83.72168051
set_two,94.67935043
set_two,102.9306759
set_two,91.46264487
set_two,104.6787253
set_two,107.3543561
set_two,96.01392499
set_two,77.57022476
set_two,86.23573208
set_two,70.8898344
set_two,88.79805727
set_two,96.76998689
set_two,88.33497735
set_two,94.11501424
set_two,91.55976428
set_two,84.80700727
set_two,83.13062541
set_two,92.72430706
set_two,104.7513992
set_two,86.96489382
set_two,70.58681536
set_two,82.04781283
set_two,105.7277757
set_two,100.3655452
set_two,104.1338353
set_two,92.95253582
set_two,104.4671431
set_two,93.42385131
set_two,86.87879077
set_two,91.3272285
set_two,59.3959074
set_two,108.4862575
set_two,86.71451468
set_two,103.0497617
set_two,96.80281455
set_two,97.0545252
set_two,90.90450528
set_two,95.09618106
set_two,89.74391097
set_two,92.6783369
set_two,83.60536537
set_two,100.8360145
set_two,91.16984196
set_two,92.94572621
set_two,99.46199031
set_two,77.51586433
set_two,87.64024952
set_two,97.15920159
set_two,105.1376444
set_two,97.45927331
set_two,105.7229892
set_two,81.17170283
set_two,98.0928337
set_two,100.7940638
set_two,92.28545864
set_two,83.27882217
set_two,95.55033208
set_two,94.03900648
set_two,94.53468149
set_two,81.2984754
set_two,82.28757906
set_two,94.57794585
set_two,94.43265885
set_two,95.25133636
set_two,94.40572715
set_two,103.1459797
set_two,87.60012595
set_two,89.31950031
set_two,93.06923252
set_two,84.3370202
set_two,92.65929315
set_two,111.8000162
set_two,103.1020822
set_two,98.60368431
set_two,75.63907657
set_two,95.56485296
set_two,83.43674054
set_two,95.34682685
set_two,90.84138804
set_two,103.3858862
set_two,95.66073223
set_two,81.49311318
set_two,92.08232594
set_two,102.0389557
set_two,96.26728074
set_two,107.117339
set_two,79.94915714
set_two,82.64278447
set_two,97.84441565
set_two,105.10518
set_two,77.82624462
set_two,101.405148
set_three,40.55025545
set_three,72.33884231
set_three,92.98125687
set_three,93.63676906
set_three,99.35839277
set_three,80.49697182
set_three,78.75237939
set_three,89.30991077
set_three,56.29738928
set_three,81.12409857
set_three,67.08413162
set_three,84.29262088
set_three,73.15959293
set_three,72.87536754
set_three,92.34285241
set_three,92.04642562
set_three,95.86234014
set_three,88.61462579
set_three,61.37477353
set_three,41.34110617
set_three,25.66996807
set_three,93.92369529
set_three,80.43450997
set_three,38.97836216
set_three,26.45286719
set_three,58.1707515
set_three,74.83340868
set_three,95.01185898
set_three,95.94625283
set_three,99.06035201
set_three,76.62672682
set_three,85.63272904
set_three,87.80995456
set_three,93.25962833
set_three,98.32629132
set_three,95.00179871
set_three,49.18576892
set_three,39.82718115
set_three,55.77413311
set_three,96.88730823
set_three,84.55182291
set_three,85.28814051
set_three,60.16381045
set_three,81.94527377
set_three,97.40234983
set_three,29.63662949
set_three,79.97715177
set_three,77.25389132
set_three,93.92955
set_three,14.90194276
set_three,76.59406196
set_three,52.50907043
set_three,81.36870585
set_three,82.10607235
set_three,58.81940875
set_three,98.34947131
set_three,83.78671756
set_three,80.6806529
set_three,81.9188296
set_three,84.82027941
set_three,98.60916923
set_three,99.45828355
set_three,84.67716406
set_three,65.98396531
set_three,63.23044705
set_three,58.14061084
set_three,45.78418479
set_three,93.25474482
set_three,32.796199
set_three,68.97418195
set_three,96.70242905
set_three,58.00521657
set_three,62.13685166
set_three,95.54712015
set_three,92.71064015
set_three,63.99573836
set_three,67.23807621
set_three,62.4705692
set_three,87.50603679
set_three,88.65516655
set_three,89.04861482
set_three,75.5517887
set_three,55.43488141
set_three,86.68899633
set_three,99.65707894
set_three,43.97092382
set_three,96.86525338
set_three,40.93780241
set_three,74.50192839
set_three,89.46011438
set_three,96.53297155
set_three,99.3118035
set_three,21.24113783
set_three,85.12470485
set_three,90.82936041
set_three,89.14454053
set_three,29.4317713
set_three,61.80542359
set_three,92.42723389
set_three,83.64834329
set_three,77.6309091
set_three,38.41089109
set_three,98.39102154
set_three,92.57354184
set_three,54.78424106
set_three,75.60345439
set_three,89.84194702
set_three,60.5265522
set_three,69.18821333
set_three,93.23535128
set_three,51.37834332
set_three,58.30302674
set_three,93.71277212
set_three,76.52165233
set_three,46.38003173
set_three,50.60088165
set_three,99.91659201
set_three,59.00386319
set_three,87.7141854
set_three,76.67020237
set_three,47.66994808
set_three,57.4524148
set_three,83.53950336
set_three,45.8006125
set_three,93.78723951
set_three,84.58039715
set_three,80.21268718
set_three,81.17018795
set_three,35.21778984
set_three,79.47603117
set_three,30.59010633
set_three,95.71293764
set_three,70.9141713
set_three,74.68077632
set_three,91.79888565
set_three,83.74368309
set_three,97.74311102
set_three,72.6596233
set_three,79.33648152
set_three,80.17432947
set_three,95.14924797
set_three,93.58381955
set_three,91.44371291
set_three,79.85314813
set_three,94.65901131
set_three,77.50194118
set_three,91.59779947
set_three,75.7679793
set_three,45.77501255
set_three,84.67056725
set_three,50.43197085
set_three,98.92010979
set_three,62.73180384
set_three,90.30377202
set_three,94.37757419
set_three,62.8252674
set_three,86.01700108
set_three,40.6077185
set_three,98.62999504
set_three,78.95605613
set_three,61.89356819
set_three,97.51016767
set_three,86.3826957
set_three,56.50933559
set_three,99.63007481
set_three,32.55850805
set_three,83.87520779
set_three,78.48750289
set_three,75.19756918
set_three,85.8118112
set_three,68.08408027
set_three,91.41699199
set_three,92.70921732
set_three,98.02398467
set_three,80.66879615
set_three,82.06329807
set_three,55.51669763
set_three,85.51775553
set_three,92.55162258
set_three,93.18193606
set_three,59.14242102
set_three,83.40841942
set_three,95.96436575
set_three,89.09314853
set_three,95.02099721
set_three,37.9722119
set_three,64.73314542
set_three,38.82639539
set_three,88.85273704
set_three,97.13821107
set_three,56.91913558
set_three,72.71609849
set_three,80.42629973
set_three,73.29777982
set_three,89.99442885
set_three,81.00718889
set_three,60.01820136
set_three,87.03869622
set_three,48.38329406
set_three,80.20352714
set_three,59.57835145
set_three,92.10924391
set_three,92.21802199
set_three,55.51214098
set_three,34.24089229
set_three,91.16833452
set_three,63.25768224
set_three,73.0627661
set_three,95.92864032
set_three,45.36229496
set_three,79.5815942
set_three,62.60276407
set_three,30.37854292
set_three,71.93621101
set_three,38.26626592
set_three,24.94438737
set_three,57.21518069
set_three,41.03304524
set_three,99.6192257
set_three,71.39393532
set_three,95.8098856
set_three,77.41189477
set_three,68.6271068
set_three,73.424566
set_three,77.40745647
set_three,56.87399614
set_three,28.97805067
set_three,95.65805254
set_three,99.03261548
set_three,50.5118991
set_three,55.90025584
set_three,52.08339108
set_three,51.45272031
set_three,62.10488875
set_three,16.60951397
set_three,52.28348305
set_three,93.59010884
set_three,96.64923279
set_three,47.16875888
set_three,58.58503753
set_three,72.05172578
set_three,91.74162428
set_three,68.00966278
set_three,90.68174914
set_three,94.69239871
set_three,77.5722209
set_three,61.9261227
set_three,62.96116241
set_three,76.5664712
set_three,64.06957294
set_three,85.16419654
set_three,86.32695752
set_three,66.02706978
set_three,90.74301967
set_three,76.57613003
set_three,98.22593127
set_three,88.71471768
set_three,74.19480696
set_three,44.81757832
set_three,94.92132678
set_three,98.5213069
set_three,84.76062109
set_three,89.2067379
set_three,56.96904446
set_three,95.05987354
set_three,82.49123432
set_three,82.51164732
set_three,99.48570601
set_three,85.1580433
set_three,87.50450314
set_three,35.40554493
set_three,90.00573969
set_three,95.3619953
set_three,91.35197928
set_three,99.78587715
set_three,70.56882482
set_three,71.78283197
set_three,89.82679334
set_three,58.87235353
set_three,96.31430677
set_three,81.11982273
set_three,30.01864396
set_three,54.9978246
set_three,70.58336551
set_three,86.0764946
set_three,69.66670987
set_three,68.5856305
set_three,95.39437317
set_three,87.96705777
set_three,71.16058275
set_three,77.11913918
set_three,77.57644585
set_three,96.83598973
set_three,81.28464364
set_three,52.65750027
set_three,99.15107347
set_three,96.70156139
set_three,95.26324755
set_three,31.24940004
set_three,83.24568267
set_three,98.60876933
set_three,64.83514088
set_three,86.12324394
set_three,48.8360958
set_three,75.7401659
set_three,55.86829653
set_three,96.99478646
set_three,83.25734428
set_three,67.52047204
set_three,77.63066537
set_three,92.05960741
set_three,92.6896951
set_three,49.18661753
set_three,99.90492061
set_three,94.52726841
set_three,66.93711969
set_three,89.29422288
set_three,99.36136974
set_three,86.83429278
set_three,34.72879869
set_three,68.50647548
set_three,99.56300957
set_three,77.46249461
set_three,73.60571912
set_three,96.06716282
set_three,75.58737336
set_three,86.49761338
set_three,79.7568662
set_three,93.89939312
set_three,36.470677
set_three,90.54026153
set_three,88.03806945
set_three,74.78750871
set_three,92.07021786
set_three,79.83702985
set_three,52.08236652
set_three,60.32960761
set_three,80.11990616
set_three,76.34533256
set_three,73.20837437
set_three,92.05437684
set_three,68.69841476
set_three,89.39668601
set_three,98.59943838
set_three,64.48336943
set_three,97.16552878
set_three,78.9164757
set_three,67.44114274
set_three,55.97272076
set_three,98.51942396
set_three,96.20626023
set_three,79.8628393
set_three,28.07556359
set_three,92.03402614
set_three,51.17174199
set_three,43.66636057
set_three,71.5464707
set_three,45.80202338
set_three,28.13972984
set_three,84.84374171
set_three,96.61699689
set_three,82.00868109
set_three,98.95310879
set_three,59.88479608
set_three,94.30350876
set_three,93.98334344
set_three,94.92583873
set_three,94.47203008
set_three,83.41415115
set_three,92.25929375
set_three,88.40535326
set_three,94.52164534
set_three,98.22411373
set_three,96.84446047
set_three,78.46023556
set_three,92.66847524
set_three,97.3036923
set_three,72.5905333
set_three,78.44271175
set_three,66.16755813
set_three,71.98529346
set_three,83.60378956
set_three,83.65879288
set_three,70.41716507
set_three,77.79301274
set_three,90.04935959
set_three,87.48746828
set_three,71.60720166
set_three,79.84600005
set_three,76.82600409
set_three,61.0335736
set_three,60.29989604
set_three,92.80245641
set_three,83.92626948
set_three,80.94716488
set_three,68.98400561
set_three,99.82609102
set_three,51.2537935
set_three,95.71955002
set_three,95.14634076
set_three,87.81361921
set_three,65.60055308
set_three,47.55900836
set_three,68.21704013
set_three,84.24349062
set_three,62.09434187
set_three,98.80950293
set_three,98.94664345
set_three,67.99154505
set_three,90.13250988
set_three,49.76175122
set_three,68.49793192
set_three,98.79719019
set_three,66.09397415
set_three,54.37270703
set_three,77.99202406
set_three,98.75663727
set_three,74.20473209
set_three,88.22434053
set_three,89.92508941
set_three,96.87892098
set_three,71.74208749
set_three,80.37615951
set_three,69.79330395
set_three,89.40701131
set_three,79.30242749
set_three,84.28984009
set_three,99.04489757
set_three,39.77043835
set_three,69.79749759
set_three,30.63995094
set_three,70.71054566
set_three,91.04948342
set_three,79.78057516
set_three,47.73412901
set_three,63.51856404
set_three,65.0833789
set_three,43.02066096
set_three,34.04610456
set_three,53.57856519
set_three,82.45166826
set_three,87.69331949
set_three,95.47353829
set_three,95.08603991
set_three,57.63443161
set_three,86.85852983
set_three,19.91773594
set_three,97.91566198
set_three,63.60975868
set_three,69.68688187
set_three,91.50686732
set_three,50.23066243
set_three,97.3430256
set_three,56.25536903
set_three,99.30473475
set_three,95.47222175
set_three,97.49975008
set_three,46.2831747
set_three,63.56889041
set_three,75.91840451
set_three,95.57577415
set_three,87.18047176
set_three,47.8718499
set_three,86.61195224
set_three,86.34517965
set_three,71.10010445
set_three,53.11461201
set_three,94.40666105
set_three,87.8645138
set_three,52.31169328
set_three,73.98933513
set_three,66.11735458
set_three,8.596666807
set_three,45.46109365
set_three,76.17346638
set_three,74.75190965
set_three,82.01893398
set_three,51.23277716
set_three,86.92241304
set_three,84.21598724
set_three,69.8655612
set_three,97.64546459
set_three,89.47381305
set_three,98.32731497
set_three,99.67212733
set_three,84.83273024
set_three,64.66893428
set_three,78.59287044
set_three,91.9327679
set_three,47.86685885
set_three,84.06473887
set_three,92.54383084
set_three,94.24128243
set_three,93.02488216
set_three,85.217164
set_three,85.66122253
set_three,61.84385472
set_three,92.52197546
set_three,62.98514074
set_three,98.47235343
set_four,84.77338852
set_four,52.03626147
set_four,96.08799131
set_four,67.51654503
set_four,63.51044209
set_four,52.31655823
set_four,88.52561765
set_four,39.19634214
set_four,62.98602512
set_four,58.27894561
set_four,81.66031564
set_four,71.91141612
set_four,82.80234806
set_four,101.1909313
set_four,77.37436352
set_four,46.23946335
set_four,85.24704233
set_four,72.38116462
set_four,64.13083578
set_four,62.48468907
set_four,85.0097592
set_four,85.2363665
set_four,47.96743141
set_four,77.71683084
set_four,82.48818079
set_four,66.30701987
set_four,70.10584315
set_four,115.5334456
set_four,44.68235262
set_four,52.98430083
set_four,72.40997072
set_four,82.12132058
set_four,100.880639
set_four,101.3985945
set_four,76.62194636
set_four,60.65503919
set_four,121.7861725
set_four,113.2320221
set_four,76.27794779
set_four,60.03400558
set_four,55.41897658
set_four,53.88407696
set_four,121.3436736
set_four,89.35472602
set_four,98.80944876
set_four,44.25277095
set_four,66.24128354
set_four,70.65031961
set_four,102.5841533
set_four,68.47172692
set_four,73.46086863
set_four,82.82211697
set_four,41.25698864
set_four,66.50510878
set_four,99.00882837
set_four,69.1089616
set_four,118.7093546
set_four,50.08309906
set_four,45.26667481
set_four,91.77167238
set_four,77.83547188
set_four,75.46076602
set_four,55.53402504
set_four,39.1856344
set_four,49.52834615
set_four,47.89316351
set_four,101.4988684
set_four,87.01875865
set_four,71.05294568
set_four,62.43315526
set_four,61.41003745
set_four,88.30734903
set_four,65.74081392
set_four,44.18357786
set_four,82.55089417
set_four,63.46355932
set_four,67.73780344
set_four,90.42077982
set_four,77.60576254
set_four,94.45746898
set_four,74.47652895
set_four,98.94218788
set_four,38.62829015
set_four,70.56635247
set_four,37.20587742
set_four,98.70225367
set_four,68.74098939
set_four,50.77688623
set_four,91.93775774
set_four,64.09368555
set_four,101.4489221
set_four,60.83893049
set_four,50.12883079
set_four,67.40372263
set_four,77.55757742
set_four,83.14189835
set_four,53.23504542
set_four,69.1911075
set_four,52.62128574
set_four,82.87828817
set_four,50.35010259
set_four,83.43260768
set_four,83.34471794
set_four,43.04091759
set_four,74.79782697
set_four,114.3328546
set_four,108.6981523
set_four,96.46145404
set_four,52.9554957
set_four,82.57352155
set_four,113.2019656
set_four,79.23580379
set_four,87.31059321
set_four,57.52064332
set_four,97.1622185
set_four,75.22182839
set_four,100.8111318
set_four,70.5047359
set_four,110.6566174
set_four,53.55182322
set_four,115.5066222
set_four,70.65858739
set_four,66.80015877
set_four,65.93949861
set_four,80.68484061
set_four,83.1016251
set_four,43.58130999
set_four,85.1872366
set_four,77.08636252
set_four,71.53010901
set_four,92.94458631
set_four,79.07108442
set_four,77.73452738
set_four,108.4972127
set_four,61.12169275
set_four,41.90477534
set_four,76.34533012
set_four,90.57448617
set_four,90.16373352
set_four,85.4382115
set_four,95.98137451
set_four,105.7406064
set_four,45.74965476
set_four,75.01011858
set_four,64.7206579
set_four,102.4828696
set_four,76.16385245
set_four,101.0135489
set_four,86.11549239
set_four,95.97767073
set_four,69.8834157
set_four,81.46198775
set_four,63.08435806
set_four,58.19808605
set_four,46.80715584
set_four,84.08910802
set_four,94.8923262
set_four,101.0391572
set_four,83.67945315
set_four,35.94498465
set_four,82.67949307
set_four,72.6847111
set_four,97.46005282
set_four,75.72030874
set_four,92.87796839
set_four,53.09884781
set_four,76.38807951
set_four,106.3092254
set_four,95.89099232
set_four,88.37157624
set_four,48.37794488
set_four,59.50593706
set_four,93.47670394
set_four,93.36456234
set_four,60.36810599
set_four,55.05088006
set_four,65.33477829
set_four,80.87749025
set_four,46.9292084
set_four,83.97329071
set_four,87.8385796
set_four,80.69045609
set_four,49.01293059
set_four,69.71751349
set_four,47.78504823
set_four,81.48367904
set_four,84.51065588
set_four,71.64249944
set_four,86.64833096
set_four,42.54694372
set_four,53.00190098
set_four,77.01369289
set_four,75.02769261
set_four,41.18751475
set_four,69.7665354
set_four,72.99028233
set_four,77.6635077
set_four,60.43879226
set_four,81.83396379
set_four,108.9630303
set_four,64.37469511
set_four,92.26290135
set_four,27.97795557
set_four,82.44287119
set_four,101.6557655
set_four,91.69353729
set_four,84.77150234
set_four,59.40223718
set_four,82.64730106
set_four,45.55386207
set_four,87.11976745
set_four,58.08509111
set_four,109.5703563
set_four,78.59252361
set_four,40.90582101
set_four,84.81954584
set_four,50.22439357
set_four,59.11849832
set_four,52.45345703
set_four,74.73694378
set_four,55.98668968
set_four,60.24012703
set_four,65.42500723
set_four,95.9526862
set_four,82.21696669
set_four,65.35472385
set_four,64.31893078
set_four,56.68708134
set_four,78.03392895
set_four,72.3830382
set_four,65.79757415
set_four,102.7981328
set_four,67.58367823
set_four,76.37471665
set_four,59.29818098
set_four,77.07562076
set_four,95.68685133
set_four,86.45497253
set_four,58.83897762
set_four,99.18716221
set_four,108.3474782
set_four,79.01718896
set_four,68.91797103
set_four,51.11665336
set_four,47.29945115
set_four,94.44910217
set_four,97.63835095
set_four,79.90982902
set_four,68.25302853
set_four,61.30992374
set_four,69.69622603
set_four,91.86474089
set_four,68.69811417
set_four,56.42494276
set_four,50.38697953
set_four,74.28729826
set_four,81.50445749
set_four,48.71866517
set_four,68.77538733
set_four,41.62826961
set_four,53.20426462
set_four,74.89073849
set_four,95.27923657
set_four,89.8337484
set_four,64.54116437
set_four,80.81133252
set_four,87.34034245
set_four,79.96726463
set_four,65.85338387
set_four,73.79671146
set_four,63.98648185
set_four,67.83728211
set_four,44.91058385
set_four,68.70815892
set_four,131.6232874
set_four,102.2772345
set_four,82.7503231
set_four,114.0919248
set_four,46.73037222
set_four,98.66932034
set_four,58.28018493
set_four,99.3947838
set_four,74.24556574
set_four,86.36745753
set_four,92.37306456
set_four,90.30580814
set_four,98.24518513
set_four,88.33426845
set_four,69.92149965
set_four,80.72601195
set_four,94.87641977
set_four,99.09082045
set_four,48.27637024
set_four,71.73076329
set_four,86.01391225
set_four,83.35119828
set_four,89.24877473
set_four,129.1300115
set_four,98.48717037
set_four,67.17837148
set_four,55.97149578
set_four,90.49988294
set_four,80.68668902
set_four,74.82881798
set_four,73.36004909
set_four,54.72721318
set_four,78.48849511
set_four,75.49297473
set_four,86.03639087
set_four,91.40118402
set_four,66.85881067
set_four,97.89635507
set_four,84.42522916
set_four,104.4979391
set_four,65.68987607
set_four,95.88834352
set_four,55.4229611
set_four,61.17692983
set_four,51.96550616
set_four,78.02313584
set_four,54.60313796
set_four,130.2883927
set_four,34.10552928
set_four,35.52387338
set_four,68.64737064
set_four,103.4527365
set_four,76.61272719
set_four,56.94129044
set_four,81.05116205
set_four,75.34924903
set_four,84.659648
set_four,51.87473477
set_four,69.41365076
set_four,87.88824279
set_four,86.36698371
set_four,51.32538562
set_four,52.15633557
set_four,61.4348179
set_four,50.26045058
set_four,96.51843786
set_four,91.28686637
set_four,80.49323213
set_four,38.59968503
set_four,82.26652719
set_four,89.26821532
set_four,80.59847686
set_four,100.0648284
set_four,66.71562115
set_four,106.3337078
set_four,47.93390014
set_four,87.48788892
set_four,78.46181919
set_four,110.3289855
set_four,48.72983479
set_four,27.82470659
set_four,88.96187583
set_four,64.19395576
set_four,88.3156027
set_four,70.00855458
set_four,69.12464209
set_four,38.54193768
set_four,68.2493401
set_four,99.69342698
set_four,47.81027246
set_four,98.24151118
set_four,92.24891777
set_four,68.72515603
set_four,70.90696942
set_four,76.1035586
set_four,81.33038106
set_four,99.55866378
set_four,50.33384119
set_four,42.79457845
set_four,96.16556694
set_four,89.63235361
set_four,87.1177793
set_four,79.91424919
set_four,78.54060697
set_four,87.48424439
set_four,91.99057203
set_four,94.18129351
set_four,80.51470164
set_four,90.56884472
set_four,79.5623063
set_four,78.01771424
set_four,95.16473596
set_four,55.3149021
set_four,70.4965047
set_four,69.14283608
set_four,87.85988056
set_four,53.46177311
set_four,92.32382651
set_four,102.9563062
set_four,91.58112195
set_four,96.70025658
set_four,76.85214379
set_four,89.58436838
set_four,71.38566755
set_four,53.77303141
set_four,23.05109425
set_four,75.0902618
set_four,86.84854367
set_four,75.8263614
set_four,75.85993034
set_four,87.73348343
set_four,68.26804055
set_four,64.5225669
set_four,69.43443275
set_four,53.70354575
set_four,56.68566301
set_four,62.06078452
set_four,67.94816403
set_four,31.54825147
set_four,56.76165234
set_four,82.97639576
set_four,54.59486137
set_four,58.64381825
set_four,77.03745968
set_four,83.97142577
set_four,90.73095893
set_four,85.28409034
set_four,74.94105253
set_four,90.32927486
set_four,59.34169808
set_four,65.75831822
set_four,82.77475417
set_four,81.43637707
set_four,85.32792635
set_four,80.83189333
set_four,52.9893597
set_four,67.26938393
set_four,96.5869032
set_four,81.25026117
set_four,86.21536335
set_four,97.62584329
set_four,73.42071009
set_four,76.20549483
set_four,85.56980737
set_four,73.59461388
set_four,48.96010558
set_four,76.4982019
set_four,32.12546981
set_four,87.06524323
set_four,107.4682121
set_four,61.4950552
set_four,49.96422728
set_four,57.7907266
set_four,52.04092787
set_four,54.80460809
set_four,85.58675144
set_four,37.17559835
set_four,43.15668438
set_four,46.09349317
set_four,84.41841548
set_four,57.23285189
set_four,53.75695215
set_four,48.89394519
set_four,61.12643092
set_four,67.35151807
set_four,117.4831118
set_four,95.58923003
set_four,90.65092469
set_four,77.6885128
set_four,73.66073376
set_four,72.19774677
set_four,89.5904566
set_four,106.173318
set_four,71.2102231
set_four,87.93342103
set_four,71.48610309
set_four,78.08219234
set_four,82.32675755
set_four,59.69859739
set_four,62.26315307
set_four,112.9901885
set_four,58.54300084
set_four,46.17492717
set_four,83.64325361
set_four,86.47693848
set_four,109.2858214
set_four,85.5965775
set_four,92.9608655
set_four,80.13373257
set_four,92.85833491
set_four,69.47850904
set_four,74.06839303
set_four,66.61031955
set_four,114.134142
set_four,76.29360802
set_four,82.52692193
set_four,105.4693763
set_four,56.46699971
set_four,74.43584145
set_four,50.3362005
set_four,87.20860504
set_four,59.01522184
set_four,93.63234805
set_four,63.29447224
set_four,78.24956434
set_four,72.37276716
